Smolt ID,Date,Julian Date,Weight (g),Survival Binary
1,30-Apr-13,120,9.98,0
2,30-Apr-13,120,18.52,0
3,30-Apr-13,120,19.39,0
4,1-May-13,121,13.48,0
5,1-May-13,121,15.14,0
6,1-May-13,121,13.17,0
7,1-May-13,121,25.87,0
8,1-May-13,121,20.27,0
9,1-May-13,121,21.48,0
10,1-May-13,121,22.94,0
11,1-May-13,121,12.16,0
12,1-May-13,121,17.26,0
13,1-May-13,121,15.66,0
14,1-May-13,121,16.03,0
15,1-May-13,121,18.96,0
17,1-May-13,121,16.28,0
18,2-May-13,122,22.91,0
19,2-May-13,122,17.5,0
20,2-May-13,122,20.75,0
21,2-May-13,122,19.5,0
22,2-May-13,122,19.02,0
23,2-May-13,122,16.45,0
24,2-May-13,122,17.38,0
25,2-May-13,122,26.96,0
26,2-May-13,122,16.26,0
27,2-May-13,122,16.64,0
28,2-May-13,122,25.96,0
29,2-May-13,122,20.57,0
30,2-May-13,122,21.26,0
31,2-May-13,122,16.31,0
32,2-May-13,122,14.66,0
33,2-May-13,122,17.94,0
34,2-May-13,122,28.29,0
35,2-May-13,122,16.81,0
36,3-May-13,123,26.15,0
37,3-May-13,123,20.63,0
38,3-May-13,123,18.79,0
39,3-May-13,123,23.13,0
40,3-May-13,123,17.13,0
41,3-May-13,123,20.56,0
42,3-May-13,123,18.52,0
43,3-May-13,123,22.77,0
44,4-May-13,124,18.09,0
45,4-May-13,124,15.94,0
46,4-May-13,124,13.2,0
47,4-May-13,124,19.43,0
48,4-May-13,124,14.8,0
49,4-May-13,124,19.93,0
50,4-May-13,124,20.16,0
52,4-May-13,124,13.45,0
53,4-May-13,124,22.83,0
54,4-May-13,124,15.63,0
55,4-May-13,124,11.87,0
56,4-May-13,124,11.75,0
57,4-May-13,124,18.71,0
58,4-May-13,124,18.67,0
59,4-May-13,124,10.85,0
60,4-May-13,124,15.11,0
61,4-May-13,124,22.17,0
62,4-May-13,124,15.46,0
63,4-May-13,124,19.63,0
64,4-May-13,124,16.71,0
65,4-May-13,124,14.65,0
66,4-May-13,124,28.29,0
67,4-May-13,124,5.42,0
68,5-May-13,125,18.87,0
69,5-May-13,125,19.85,0
70,5-May-13,125,15.6,0
71,5-May-13,125,13.67,0
72,5-May-13,125,24.74,0
73,5-May-13,125,12.95,0
74,5-May-13,125,16.12,0
76,5-May-13,125,16.14,0
77,5-May-13,125,19.4,0
78,5-May-13,125,18.85,0
79,5-May-13,125,21.45,0
80,6-May-13,126,16.72,0
81,6-May-13,126,16.69,0
82,6-May-13,126,22.97,0
83,6-May-13,126,19.41,0
84,6-May-13,126,18.27,0
85,6-May-13,126,17.94,0
86,6-May-13,126,11.75,0
87,6-May-13,126,14.87,0
88,6-May-13,126,16.68,0
89,6-May-13,126,17.85,0
90,6-May-13,126,22.56,0
91,6-May-13,126,25.91,0
92,6-May-13,126,12.97,0
93,6-May-13,126,12.52,0
94,6-May-13,126,13.05,0
95,6-May-13,126,11.66,0
96,6-May-13,126,14.11,0
97,6-May-13,126,17.12,0
98,6-May-13,126,14.49,0
99,6-May-13,126,28.99,0
100,6-May-13,126,18.01,0
101,6-May-13,126,16.4,0
102,6-May-13,126,20.57,0
103,7-May-13,127,23.65,0
104,7-May-13,127,13.67,0
105,7-May-13,127,23.68,0
106,7-May-13,127,12.61,0
107,7-May-13,127,11.95,0
108,7-May-13,127,17.14,0
110,7-May-13,127,16.27,0
111,7-May-13,127,11.89,0
112,7-May-13,127,11.18,0
113,7-May-13,127,18.86,0
114,7-May-13,127,12.53,0
115,7-May-13,127,19,0
116,7-May-13,127,16.14,0
117,7-May-13,127,17.23,0
118,7-May-13,127,33.56,0
119,7-May-13,127,14.89,0
120,7-May-13,127,19.18,0
121,7-May-13,127,13.88,0
122,7-May-13,127,12.62,0
123,7-May-13,127,19.2,0
124,7-May-13,127,13.44,0
125,7-May-13,127,14.75,0
126,7-May-13,127,18.2,0
127,7-May-13,127,14.36,0
128,7-May-13,127,22.42,0
129,7-May-13,127,19.27,0
130,7-May-13,127,13.61,0
131,7-May-13,127,11.7,0
132,7-May-13,127,22.15,0
133,7-May-13,127,19.45,0
134,7-May-13,127,18.47,0
135,7-May-13,127,13.98,0
136,7-May-13,127,22.71,0
137,7-May-13,127,17.66,0
138,7-May-13,127,12.32,0
139,7-May-13,127,18.25,0
140,7-May-13,127,18.1,0
141,7-May-13,127,19.04,0
142,7-May-13,127,16.88,0
143,7-May-13,127,19.52,0
144,7-May-13,127,19.01,0
145,7-May-13,127,15.51,0
146,7-May-13,127,20.63,0
147,7-May-13,127,13.46,0
149,7-May-13,127,10.3,0
150,7-May-13,127,18.01,0
151,7-May-13,127,22.1,0
152,7-May-13,127,22.8,0
153,7-May-13,127,14.92,0
154,7-May-13,127,13.58,0
155,7-May-13,127,18.76,0
156,7-May-13,127,18.25,0
157,7-May-13,127,15.72,0
158,7-May-13,127,19.71,0
159,7-May-13,127,14.39,0
160,8-May-13,128,17.49,0
161,8-May-13,128,15.8,0
162,8-May-13,128,19.33,0
163,8-May-13,128,27.28,0
164,8-May-13,128,16.12,0
165,8-May-13,128,26.75,0
166,8-May-13,128,17.45,0
167,8-May-13,128,16.69,0
168,8-May-13,128,18.66,0
169,8-May-13,128,20.97,0
170,8-May-13,128,23.05,0
171,8-May-13,128,15.33,0
172,8-May-13,128,19.38,0
173,8-May-13,128,12.28,0
174,8-May-13,128,15.81,0
175,8-May-13,128,16.44,0
176,8-May-13,128,16.68,0
177,8-May-13,128,19.56,0
178,8-May-13,128,19.52,0
179,8-May-13,128,25.83,0
180,8-May-13,128,18.52,0
181,8-May-13,128,25.51,0
182,8-May-13,128,20.02,0
183,8-May-13,128,11.06,0
184,8-May-13,128,15.41,0
185,8-May-13,128,18.47,0
186,8-May-13,128,14.67,0
187,8-May-13,128,22.5,0
188,8-May-13,128,23.29,0
189,8-May-13,128,18.56,0
190,9-May-13,129,21.63,0
191,9-May-13,129,11.18,0
192,9-May-13,129,18.12,0
193,9-May-13,129,21.9,0
194,9-May-13,129,15.8,0
195,9-May-13,129,32.09,0
196,9-May-13,129,16.78,0
197,9-May-13,129,17.55,0
198,9-May-13,129,15.57,0
199,9-May-13,129,14.13,0
200,9-May-13,129,8.65,0
201,9-May-13,129,9.7,0
202,9-May-13,129,18.87,0
203,9-May-13,129,12.96,0
204,9-May-13,129,23.03,0
205,9-May-13,129,18.01,0
206,9-May-13,129,10.44,0
207,9-May-13,129,13.68,0
208,9-May-13,129,16.2,0
209,9-May-13,129,14.41,0
210,9-May-13,129,24.4,0
211,9-May-13,129,17.91,0
212,9-May-13,129,15.55,0
213,9-May-13,129,16.79,0
214,9-May-13,129,19.99,0
215,9-May-13,129,15.51,0
216,9-May-13,129,21.37,0
217,9-May-13,129,15.09,0
218,9-May-13,129,16.6,0
219,9-May-13,129,13.51,0
220,9-May-13,129,15.15,0
221,9-May-13,129,26.23,0
222,9-May-13,129,15.51,0
223,9-May-13,129,17.86,0
224,9-May-13,129,11.76,0
225,9-May-13,129,12.05,0
226,9-May-13,129,22.93,0
227,9-May-13,129,17.27,0
228,9-May-13,129,14.08,0
229,9-May-13,129,15.67,0
230,9-May-13,129,17.63,0
231,9-May-13,129,15.89,0
232,9-May-13,129,16.54,0
233,9-May-13,129,12.61,0
234,9-May-13,129,16.55,0
235,9-May-13,129,16.71,0
236,9-May-13,129,14.87,0
237,9-May-13,129,11.93,0
238,9-May-13,129,11.74,0
239,9-May-13,129,21.37,0
240,9-May-13,129,17.47,0
241,9-May-13,129,17.4,0
242,9-May-13,129,14.62,0
243,9-May-13,129,13.71,0
244,9-May-13,129,13.76,0
245,9-May-13,129,17.33,0
246,9-May-13,129,15.1,0
247,9-May-13,129,17.02,0
248,9-May-13,129,14.25,0
249,9-May-13,129,16.28,0
250,9-May-13,129,19.14,0
251,9-May-13,129,15.6,0
252,9-May-13,129,18.4,0
253,9-May-13,129,13.25,0
254,9-May-13,129,14.11,0
255,9-May-13,129,11.42,0
256,9-May-13,129,19.11,0
257,10-May-13,130,19.87,0
258,10-May-13,130,17.87,0
259,10-May-13,130,13.8,0
260,10-May-13,130,16.74,0
261,10-May-13,130,24.18,0
262,10-May-13,130,16.12,0
263,10-May-13,130,16.88,0
264,10-May-13,130,13.96,0
265,10-May-13,130,18.19,0
266,10-May-13,130,13.62,0
267,10-May-13,130,21.28,0
268,10-May-13,130,19.47,0
269,10-May-13,130,15.93,0
270,10-May-13,130,16.78,0
271,10-May-13,130,17.26,0
272,10-May-13,130,16.37,0
273,10-May-13,130,18.2,0
274,10-May-13,130,16.22,0
275,10-May-13,130,13.37,0
276,10-May-13,130,16.7,0
277,10-May-13,130,11.09,0
278,10-May-13,130,17.65,0
279,10-May-13,130,11.8,0
281,10-May-13,130,10.36,0
282,10-May-13,130,17.12,0
283,10-May-13,130,23.91,0
284,10-May-13,130,19.91,0
285,10-May-13,130,22.21,0
286,10-May-13,130,16.98,0
287,10-May-13,130,13.68,0
288,10-May-13,130,21.07,0
289,10-May-13,130,17.36,0
290,10-May-13,130,13.94,0
291,10-May-13,130,17.67,0
292,10-May-13,130,12.59,0
294,10-May-13,130,18.5,0
295,10-May-13,130,20.84,0
296,10-May-13,130,16.69,0
297,10-May-13,130,24.42,0
298,10-May-13,130,14.12,0
299,10-May-13,130,21.32,0
300,10-May-13,130,12.45,0
301,10-May-13,130,18.96,0
302,10-May-13,130,13.32,0
303,10-May-13,130,19.84,0
304,10-May-13,130,14.73,0
305,10-May-13,130,19.9,0
306,10-May-13,130,21.81,0
307,10-May-13,130,18.49,0
308,10-May-13,130,25.18,0
309,10-May-13,130,26.33,0
310,10-May-13,130,19.93,0
311,10-May-13,130,17.9,0
312,10-May-13,130,22.24,0
313,10-May-13,130,20.92,0
314,10-May-13,130,18.43,0
315,10-May-13,130,22.19,0
316,10-May-13,130,24,0
317,10-May-13,130,19.15,0
318,10-May-13,130,15.77,0
319,10-May-13,130,18.91,0
320,10-May-13,130,18.24,0
321,10-May-13,130,18.52,0
322,10-May-13,130,16.6,0
323,10-May-13,130,15.84,0
324,10-May-13,130,11.1,0
325,10-May-13,130,16.55,0
326,10-May-13,130,20.33,0
327,10-May-13,130,19.09,0
328,10-May-13,130,18.9,0
329,10-May-13,130,18.26,0
330,10-May-13,130,10.24,0
331,10-May-13,130,13.16,0
332,10-May-13,130,22.32,0
333,10-May-13,130,18,0
334,10-May-13,130,16.93,0
335,10-May-13,130,11.64,0
336,10-May-13,130,15.69,0
337,10-May-13,130,13.43,0
338,10-May-13,130,20.33,0
339,10-May-13,130,13.45,0
340,10-May-13,130,23.01,0
341,10-May-13,130,25.06,0
342,10-May-13,130,19.3,0
343,10-May-13,130,16.73,0
344,10-May-13,130,21.62,0
345,10-May-13,130,23.39,0
346,10-May-13,130,20.03,0
347,10-May-13,130,16.42,0
348,10-May-13,130,17.18,0
349,10-May-13,130,17.69,0
350,10-May-13,130,16.14,0
351,11-May-13,131,14.9,0
352,11-May-13,131,17.3,0
353,11-May-13,131,15.84,0
354,11-May-13,131,24.45,0
355,11-May-13,131,15.67,0
356,11-May-13,131,18.12,0
357,11-May-13,131,25.72,0
358,11-May-13,131,12.31,0
359,11-May-13,131,18.95,0
360,11-May-13,131,15.19,0
361,11-May-13,131,21.03,0
362,11-May-13,131,18.31,0
363,11-May-13,131,14.65,0
364,11-May-13,131,23.16,0
365,11-May-13,131,17.61,0
366,11-May-13,131,27.04,0
367,11-May-13,131,19.56,0
368,11-May-13,131,17.65,0
369,11-May-13,131,20.69,0
370,11-May-13,131,14.46,0
371,11-May-13,131,25.93,0
372,11-May-13,131,13.69,0
373,11-May-13,131,14.74,0
374,11-May-13,131,13.51,0
375,11-May-13,131,15.63,0
376,11-May-13,131,20.89,0
377,11-May-13,131,18.52,0
378,11-May-13,131,20.71,0
379,11-May-13,131,18.6,0
380,11-May-13,131,17.65,0
381,11-May-13,131,14.87,0
382,11-May-13,131,17.74,0
383,11-May-13,131,29.15,0
384,11-May-13,131,16.37,0
385,11-May-13,131,20.76,0
386,11-May-13,131,16.87,0
387,11-May-13,131,15.49,0
388,11-May-13,131,13.7,0
389,11-May-13,131,16.82,0
390,11-May-13,131,18.31,0
391,11-May-13,131,22.4,0
392,11-May-13,131,14.39,0
393,11-May-13,131,20.52,0
394,11-May-13,131,21.26,0
395,11-May-13,131,14.47,0
396,11-May-13,131,16.55,0
397,11-May-13,131,16.39,0
398,11-May-13,131,16.08,0
399,11-May-13,131,19.55,0
400,11-May-13,131,22.54,0
401,11-May-13,131,16.33,0
402,11-May-13,131,14.47,0
403,11-May-13,131,15.78,0
404,11-May-13,131,14.32,0
405,11-May-13,131,20.31,0
406,11-May-13,131,15.51,0
407,11-May-13,131,11.91,0
408,11-May-13,131,21.8,0
409,11-May-13,131,16.91,0
410,11-May-13,131,19.65,0
411,11-May-13,131,18.07,0
412,11-May-13,131,17.5,0
415,11-May-13,131,13.84,0
416,11-May-13,131,10.75,0
417,11-May-13,131,16.08,0
418,11-May-13,131,18.96,0
419,11-May-13,131,18.33,0
420,11-May-13,131,13.76,0
421,11-May-13,131,15.05,0
422,11-May-13,131,17.11,0
423,11-May-13,131,28.55,0
424,11-May-13,131,18.52,0
425,11-May-13,131,17.65,0
426,11-May-13,131,14.32,0
427,11-May-13,131,14.23,0
428,11-May-13,131,18.66,0
429,11-May-13,131,16.4,0
430,11-May-13,131,13.29,0
431,11-May-13,131,15.13,0
432,11-May-13,131,13.02,0
433,11-May-13,131,14.74,0
434,11-May-13,131,22.2,0
435,11-May-13,131,15.19,0
436,11-May-13,131,16.83,0
437,11-May-13,131,18.11,0
438,11-May-13,131,25.7,0
439,11-May-13,131,12.25,0
440,11-May-13,131,20.37,0
441,11-May-13,131,19.85,0
442,11-May-13,131,20.15,0
443,11-May-13,131,18.07,0
444,11-May-13,131,17.48,0
445,11-May-13,131,22.02,0
446,11-May-13,131,30.61,0
447,11-May-13,131,17.5,0
448,11-May-13,131,13.3,0
449,11-May-13,131,17.16,0
450,11-May-13,131,11.78,0
451,11-May-13,131,20.53,0
452,11-May-13,131,11.3,0
453,11-May-13,131,22,0
454,11-May-13,131,11.71,0
455,11-May-13,131,18.09,0
456,11-May-13,131,18.4,0
457,11-May-13,131,14.68,0
458,11-May-13,131,17.33,0
459,11-May-13,131,24.31,0
460,11-May-13,131,16.57,0
461,11-May-13,131,17.69,0
462,11-May-13,131,16.36,0
463,11-May-13,131,13.05,0
464,12-May-13,132,19.64,0
465,12-May-13,132,20.02,0
466,12-May-13,132,17.53,0
467,12-May-13,132,12.24,0
468,12-May-13,132,13.43,0
469,12-May-13,132,16.06,0
470,12-May-13,132,19.35,0
471,12-May-13,132,16.56,0
472,12-May-13,132,17.88,0
473,12-May-13,132,12.02,0
474,12-May-13,132,18.44,0
475,12-May-13,132,10.35,0
476,12-May-13,132,24.05,0
477,12-May-13,132,21.41,0
478,12-May-13,132,27.69,0
479,12-May-13,132,18.68,0
480,12-May-13,132,18.34,0
481,12-May-13,132,12.93,0
482,12-May-13,132,32.09,0
483,12-May-13,132,12.46,0
484,12-May-13,132,15.32,0
485,12-May-13,132,17.58,0
486,12-May-13,132,13.63,0
487,12-May-13,132,17.4,0
488,12-May-13,132,12.57,0
489,12-May-13,132,19.95,0
490,12-May-13,132,17.2,0
491,12-May-13,132,13.03,0
492,12-May-13,132,10.02,0
493,12-May-13,132,17.36,0
494,12-May-13,132,17.63,0
495,12-May-13,132,24.2,0
496,12-May-13,132,16.32,0
497,12-May-13,132,12.68,0
498,12-May-13,132,17.87,0
499,12-May-13,132,19.96,0
500,12-May-13,132,12.01,0
501,12-May-13,132,18.67,0
502,12-May-13,132,13.26,0
503,12-May-13,132,17.22,0
505,12-May-13,132,11.82,0
506,12-May-13,132,21.21,0
507,12-May-13,132,18.37,0
508,12-May-13,132,18.88,0
510,12-May-13,132,24.88,0
511,12-May-13,132,19.13,0
512,12-May-13,132,13.5,0
513,12-May-13,132,20.44,0
514,12-May-13,132,17.16,0
515,12-May-13,132,16.29,0
516,12-May-13,132,20.07,0
518,12-May-13,132,14.11,0
519,12-May-13,132,33.92,0
520,12-May-13,132,15.54,0
521,12-May-13,132,12.04,0
522,12-May-13,132,19.55,0
523,12-May-13,132,19.25,0
524,12-May-13,132,14.92,0
525,12-May-13,132,15.31,0
526,12-May-13,132,16.23,0
527,12-May-13,132,11.52,0
529,13-May-13,133,11.37,0
530,13-May-13,133,16.65,0
531,13-May-13,133,17.82,0
532,13-May-13,133,19.1,0
533,13-May-13,133,16.04,0
534,13-May-13,133,14.94,0
536,13-May-13,133,22.53,0
537,13-May-13,133,12.9,0
538,13-May-13,133,22.74,0
539,13-May-13,133,15.92,0
540,13-May-13,133,14.89,0
541,13-May-13,133,11.35,0
542,13-May-13,133,15.09,0
543,13-May-13,133,16.11,0
544,13-May-13,133,27.56,0
545,13-May-13,133,12.23,0
546,13-May-13,133,14.13,0
547,13-May-13,133,11.69,0
548,13-May-13,133,13.62,0
549,13-May-13,133,12.78,0
550,13-May-13,133,12.21,0
551,13-May-13,133,18.02,0
552,13-May-13,133,9.7,0
553,13-May-13,133,17.16,0
554,13-May-13,133,19.26,0
555,13-May-13,133,12.41,0
556,13-May-13,133,15.52,0
557,13-May-13,133,10.83,0
558,13-May-13,133,17.37,0
559,13-May-13,133,14.14,0
560,13-May-13,133,16.46,0
561,13-May-13,133,16.61,0
562,13-May-13,133,44.42,0
563,13-May-13,133,20.14,0
564,13-May-13,133,23.06,0
565,13-May-13,133,18.98,0
566,13-May-13,133,20.3,0
567,13-May-13,133,12.93,0
568,13-May-13,133,14.36,0
569,13-May-13,133,18,0
570,13-May-13,133,21.16,0
571,13-May-13,133,15.47,0
572,13-May-13,133,18.64,0
573,13-May-13,133,20.95,0
574,13-May-13,133,20.2,0
575,13-May-13,133,16.51,0
576,13-May-13,133,16.7,0
577,13-May-13,133,14.06,0
578,13-May-13,133,18.46,0
579,13-May-13,133,16.51,0
580,13-May-13,133,22.16,0
581,13-May-13,133,19.87,0
582,13-May-13,133,14.37,0
583,13-May-13,133,17.66,0
584,13-May-13,133,18.5,0
585,13-May-13,133,12.68,0
586,13-May-13,133,19.95,0
587,13-May-13,133,15.48,0
588,13-May-13,133,20.72,0
589,13-May-13,133,22.44,0
590,13-May-13,133,20.72,0
591,13-May-13,133,13.63,0
592,13-May-13,133,31.49,0
593,13-May-13,133,14.88,0
594,13-May-13,133,20.33,0
595,13-May-13,133,12.62,0
596,13-May-13,133,20.44,0
597,13-May-13,133,13.87,0
598,13-May-13,133,14.58,0
599,13-May-13,133,16.27,0
600,13-May-13,133,16.31,0
601,13-May-13,133,15.66,0
602,13-May-13,133,14.27,0
603,13-May-13,133,15.25,0
604,13-May-13,133,20.54,0
605,13-May-13,133,15.09,0
606,13-May-13,133,8.9,0
607,13-May-13,133,18.16,0
608,13-May-13,133,20.35,0
609,13-May-13,133,12.75,0
610,13-May-13,133,19.29,0
611,13-May-13,133,13.19,0
612,13-May-13,133,13.6,0
613,13-May-13,133,19.73,0
614,13-May-13,133,18.54,0
615,13-May-13,133,17.67,0
616,13-May-13,133,19.64,0
617,13-May-13,133,18.65,0
618,13-May-13,133,19.03,0
619,13-May-13,133,17.44,0
620,13-May-13,133,13.95,0
621,13-May-13,133,19.77,0
622,13-May-13,133,12.89,0
623,13-May-13,133,21.49,0
624,13-May-13,133,16.61,0
625,13-May-13,133,25.46,0
626,13-May-13,133,11.65,0
627,13-May-13,133,20.82,0
628,13-May-13,133,15.12,0
629,13-May-13,133,16.12,0
630,13-May-13,133,13.19,0
631,13-May-13,133,13.86,0
632,13-May-13,133,22.91,0
633,13-May-13,133,15.39,0
634,13-May-13,133,14.54,0
635,13-May-13,133,20.3,0
636,13-May-13,133,18.96,0
637,13-May-13,133,14.81,0
638,13-May-13,133,12.73,0
639,13-May-13,133,12.14,0
640,13-May-13,133,13.86,0
641,13-May-13,133,13.6,0
642,13-May-13,133,19.09,0
643,13-May-13,133,11.09,0
644,13-May-13,133,20.54,0
645,13-May-13,133,15.62,0
646,13-May-13,133,14.23,0
647,13-May-13,133,29.56,0
648,13-May-13,133,31.33,0
649,13-May-13,133,14.07,0
650,13-May-13,133,16.27,0
651,13-May-13,133,12.37,0
652,13-May-13,133,18.96,0
653,13-May-13,133,17.15,0
654,13-May-13,133,14.82,0
655,13-May-13,133,13.35,0
656,14-May-13,134,20.47,0
657,14-May-13,134,12.55,0
658,14-May-13,134,17.83,0
659,14-May-13,134,20.19,0
660,14-May-13,134,20.79,0
661,14-May-13,134,19.41,0
662,14-May-13,134,15.48,0
663,14-May-13,134,11.26,0
664,14-May-13,134,12.72,0
665,14-May-13,134,19.77,0
666,14-May-13,134,21.84,0
667,14-May-13,134,15.7,0
668,14-May-13,134,15.3,0
669,14-May-13,134,19.84,0
670,14-May-13,134,18.25,0
672,14-May-13,134,15.65,0
673,14-May-13,134,19.98,0
674,14-May-13,134,22.6,0
675,14-May-13,134,21.08,0
676,14-May-13,134,20.18,0
677,14-May-13,134,16.82,0
678,14-May-13,134,17.57,0
679,14-May-13,134,14.1,0
680,14-May-13,134,20.45,0
681,14-May-13,134,17.1,0
682,14-May-13,134,22.65,0
683,14-May-13,134,22.65,0
684,14-May-13,134,18.22,0
685,14-May-13,134,22.21,0
686,14-May-13,134,17.05,0
687,14-May-13,134,20.67,0
688,14-May-13,134,14.25,0
689,14-May-13,134,17.58,0
690,14-May-13,134,20.89,0
691,14-May-13,134,17.86,0
692,14-May-13,134,12.8,0
693,14-May-13,134,15.62,0
694,14-May-13,134,17.14,0
695,14-May-13,134,17.91,0
696,14-May-13,134,16.44,0
697,14-May-13,134,19.07,0
698,14-May-13,134,14.93,0
699,14-May-13,134,16.39,0
700,14-May-13,134,14.13,0
701,14-May-13,134,10.63,0
702,14-May-13,134,16.84,0
703,14-May-13,134,17.27,0
704,14-May-13,134,23.28,0
705,14-May-13,134,15.44,0
706,14-May-13,134,16.22,0
707,14-May-13,134,13.89,0
708,14-May-13,134,17.03,0
709,14-May-13,134,14.46,0
710,14-May-13,134,19.73,0
711,14-May-13,134,18.78,0
712,14-May-13,134,14.57,0
713,14-May-13,134,15.86,0
714,14-May-13,134,20.32,0
715,14-May-13,134,16.3,0
716,14-May-13,134,19.83,0
717,14-May-13,134,13.18,0
718,14-May-13,134,18.31,0
719,14-May-13,134,16.42,0
720,14-May-13,134,19.45,0
721,14-May-13,134,17.23,0
722,14-May-13,134,24.45,0
723,14-May-13,134,21.6,0
724,14-May-13,134,15.91,0
725,14-May-13,134,13.86,0
726,14-May-13,134,17.84,0
727,14-May-13,134,27,0
728,14-May-13,134,19.38,0
729,14-May-13,134,13.8,0
730,14-May-13,134,75.72,0
731,14-May-13,134,15.33,0
732,14-May-13,134,22.85,0
733,14-May-13,134,17.52,0
734,14-May-13,134,13.35,0
735,14-May-13,134,25.12,0
736,14-May-13,134,21.8,0
737,14-May-13,134,29.12,0
738,14-May-13,134,16.66,0
739,14-May-13,134,18.2,0
740,14-May-13,134,17.47,0
741,14-May-13,134,16.93,0
742,14-May-13,134,22.32,0
743,14-May-13,134,25.67,0
744,14-May-13,134,14.93,0
745,14-May-13,134,12.37,0
746,14-May-13,134,17.49,0
748,14-May-13,134,11.85,0
749,14-May-13,134,15.17,0
750,14-May-13,134,24.94,0
751,14-May-13,134,21.15,0
752,14-May-13,134,13.79,0
753,14-May-13,134,17.11,0
754,14-May-13,134,27.8,0
755,14-May-13,134,17.17,0
756,14-May-13,134,12.49,0
757,14-May-13,134,17.12,0
758,14-May-13,134,23.01,0
759,14-May-13,134,14.2,0
760,14-May-13,134,19.16,0
761,14-May-13,134,21.64,0
762,14-May-13,134,13.76,0
763,14-May-13,134,27.08,0
764,14-May-13,134,13.46,0
765,14-May-13,134,23.53,0
766,14-May-13,134,12.6,0
767,14-May-13,134,14.85,0
768,14-May-13,134,17.24,0
769,14-May-13,134,23.42,0
770,14-May-13,134,17.12,0
771,14-May-13,134,11.64,0
772,14-May-13,134,19.65,0
773,14-May-13,134,37.91,0
774,14-May-13,134,20.02,0
775,14-May-13,134,16.51,0
776,14-May-13,134,15.68,0
777,14-May-13,134,24.47,0
778,14-May-13,134,25.25,0
779,14-May-13,134,19.42,0
780,14-May-13,134,25.98,0
781,14-May-13,134,21.56,0
782,14-May-13,134,18.31,0
783,14-May-13,134,19.83,0
784,14-May-13,134,21.72,0
785,14-May-13,134,15.62,0
786,14-May-13,134,21.86,0
787,14-May-13,134,15.16,0
788,14-May-13,134,17.03,0
789,14-May-13,134,23.41,0
790,14-May-13,134,14.06,0
791,14-May-13,134,16.61,0
792,14-May-13,134,14.85,0
793,14-May-13,134,22.1,0
794,14-May-13,134,16.66,0
795,14-May-13,134,16.6,0
796,14-May-13,134,16.77,0
797,15-May-13,135,24.39,0
798,15-May-13,135,13.17,0
799,15-May-13,135,18.1,0
800,15-May-13,135,25.22,0
801,15-May-13,135,13.82,0
802,15-May-13,135,16.04,0
803,15-May-13,135,20.84,0
804,15-May-13,135,19.41,0
805,15-May-13,135,13.33,0
806,15-May-13,135,22.54,0
807,15-May-13,135,18.08,0
808,15-May-13,135,16.42,0
809,15-May-13,135,18.78,0
810,15-May-13,135,18.1,0
811,15-May-13,135,20.49,0
812,15-May-13,135,17.97,0
813,15-May-13,135,21.37,0
814,15-May-13,135,16.71,0
815,15-May-13,135,10.31,0
816,15-May-13,135,14.69,0
817,15-May-13,135,19.25,0
818,15-May-13,135,25.9,0
819,15-May-13,135,14.63,0
820,15-May-13,135,14.55,0
821,15-May-13,135,16,0
822,15-May-13,135,19.77,0
823,15-May-13,135,14.36,0
824,15-May-13,135,14.26,0
825,15-May-13,135,17.13,0
826,15-May-13,135,16.62,0
827,15-May-13,135,16.66,0
828,15-May-13,135,17.66,0
829,15-May-13,135,19.6,0
830,15-May-13,135,23.93,0
831,15-May-13,135,23.37,0
832,15-May-13,135,15.86,0
833,15-May-13,135,16.66,0
834,15-May-13,135,14.38,0
835,15-May-13,135,16.74,0
836,15-May-13,135,13.06,0
837,15-May-13,135,15.64,0
838,15-May-13,135,10.22,0
839,15-May-13,135,14.43,0
840,15-May-13,135,11.23,0
841,15-May-13,135,14.95,0
842,15-May-13,135,14.04,0
843,15-May-13,135,14.9,0
844,15-May-13,135,22.6,0
845,15-May-13,135,15.64,0
846,15-May-13,135,14.23,0
847,15-May-13,135,13.61,0
848,15-May-13,135,12.56,0
849,15-May-13,135,18.85,0
850,15-May-13,135,11.26,0
851,15-May-13,135,20.29,0
852,15-May-13,135,14.66,0
853,15-May-13,135,28.71,0
854,15-May-13,135,17.48,0
855,15-May-13,135,16.89,0
856,15-May-13,135,15.72,0
857,15-May-13,135,20.56,0
858,15-May-13,135,15.83,0
859,15-May-13,135,14.11,0
860,15-May-13,135,24.41,0
861,15-May-13,135,25.5,0
862,15-May-13,135,24.81,0
863,15-May-13,135,11.45,0
864,15-May-13,135,17.1,0
865,15-May-13,135,19.42,0
866,15-May-13,135,20.83,0
867,15-May-13,135,13.64,0
868,15-May-13,135,14.21,0
869,15-May-13,135,21.8,0
870,15-May-13,135,18.13,0
871,15-May-13,135,14.24,0
872,15-May-13,135,13,0
873,15-May-13,135,18.36,0
874,15-May-13,135,23.01,0
875,15-May-13,135,25.77,0
876,15-May-13,135,16.82,0
877,15-May-13,135,16.11,0
878,15-May-13,135,23.93,0
879,15-May-13,135,26.13,0
880,15-May-13,135,32.59,0
881,15-May-13,135,12.35,0
882,15-May-13,135,13.9,0
883,15-May-13,135,17.4,0
884,15-May-13,135,15.46,0
885,15-May-13,135,15.51,0
886,15-May-13,135,18.32,0
887,15-May-13,135,18.16,0
888,15-May-13,135,17.18,0
889,15-May-13,135,20.45,0
890,15-May-13,135,12.45,0
891,15-May-13,135,18.84,0
892,15-May-13,135,21.48,0
893,15-May-13,135,19.65,0
894,15-May-13,135,15.92,0
896,15-May-13,135,12.3,0
897,15-May-13,135,12.45,0
898,15-May-13,135,13.88,0
899,15-May-13,135,13.19,0
900,15-May-13,135,16.54,0
901,15-May-13,135,14.74,0
902,15-May-13,135,12.08,0
903,15-May-13,135,17.12,0
904,15-May-13,135,16.15,0
905,15-May-13,135,17.66,0
906,15-May-13,135,18.51,0
907,15-May-13,135,11.51,0
908,15-May-13,135,9.48,0
909,15-May-13,135,20.06,0
910,15-May-13,135,13.81,0
911,15-May-13,135,16.38,0
912,15-May-13,135,21.74,0
913,15-May-13,135,17.53,0
914,15-May-13,135,21.58,0
915,15-May-13,135,18.61,0
916,15-May-13,135,28.13,0
917,15-May-13,135,15.37,0
918,15-May-13,135,20.44,0
919,15-May-13,135,17.27,0
920,15-May-13,135,15.7,0
921,15-May-13,135,18.85,0
922,15-May-13,135,17.99,0
924,15-May-13,135,12.3,0
925,15-May-13,135,14.05,0
926,15-May-13,135,17.75,0
927,15-May-13,135,11.04,0
928,15-May-13,135,10.76,0
929,15-May-13,135,13.71,0
930,15-May-13,135,18.5,0
931,15-May-13,135,15.1,0
932,15-May-13,135,21.76,0
933,15-May-13,135,13.88,0
934,15-May-13,135,8.33,0
935,15-May-13,135,22.08,0
936,15-May-13,135,13.5,0
937,15-May-13,135,12.4,0
938,15-May-13,135,20.86,0
939,15-May-13,135,19.37,0
940,15-May-13,135,22.63,0
941,15-May-13,135,12.49,0
942,15-May-13,135,10.05,0
943,15-May-13,135,13.37,0
944,15-May-13,135,19.61,0
945,15-May-13,135,14.34,0
946,15-May-13,135,23.08,0
947,15-May-13,135,17.92,0
948,15-May-13,135,19.01,0
949,15-May-13,135,18.16,0
950,15-May-13,135,12.98,0
951,15-May-13,135,15.22,0
952,15-May-13,135,16.38,0
953,15-May-13,135,17.81,0
954,15-May-13,135,16.4,0
955,15-May-13,135,19.3,0
956,15-May-13,135,18.9,0
957,15-May-13,135,15.1,0
958,15-May-13,135,15.42,0
959,15-May-13,135,15.38,0
960,15-May-13,135,18.88,0
961,15-May-13,135,22.9,0
962,15-May-13,135,15.17,0
963,15-May-13,135,19.88,0
964,15-May-13,135,13.24,0
965,15-May-13,135,18.3,0
966,16-May-13,136,16.16,0
967,16-May-13,136,13.32,0
968,16-May-13,136,15.94,0
969,16-May-13,136,15.79,0
970,16-May-13,136,21.3,0
971,16-May-13,136,22.27,0
972,16-May-13,136,20.77,0
973,16-May-13,136,19.79,0
974,16-May-13,136,18.79,0
975,16-May-13,136,17.68,0
976,16-May-13,136,16.36,0
977,16-May-13,136,13.23,0
978,16-May-13,136,19.23,0
979,16-May-13,136,10.77,0
980,16-May-13,136,12.56,0
981,16-May-13,136,19.56,0
982,16-May-13,136,12.52,0
983,16-May-13,136,22.51,0
984,16-May-13,136,14.93,0
985,16-May-13,136,13.09,0
986,16-May-13,136,17.01,0
987,16-May-13,136,13.59,0
988,16-May-13,136,17.98,0
989,16-May-13,136,13.42,0
990,16-May-13,136,13.84,0
991,16-May-13,136,19.38,0
992,16-May-13,136,15.72,0
993,16-May-13,136,13.41,0
994,16-May-13,136,17.65,0
995,16-May-13,136,16.64,0
996,16-May-13,136,21.48,0
997,16-May-13,136,15.93,0
998,16-May-13,136,14.49,0
999,16-May-13,136,16.32,0
1000,16-May-13,136,16.04,0
1001,16-May-13,136,14.64,0
1002,16-May-13,136,26.81,0
1003,16-May-13,136,21.98,0
1004,16-May-13,136,14.03,0
1005,16-May-13,136,16.62,0
1006,16-May-13,136,14.46,0
1007,16-May-13,136,16.87,0
1008,16-May-13,136,12.28,0
1009,16-May-13,136,29.16,0
1010,16-May-13,136,17.28,0
1011,16-May-13,136,23.52,0
1012,16-May-13,136,17.21,0
1013,16-May-13,136,11.73,0
1014,16-May-13,136,21.72,0
1015,16-May-13,136,18.06,0
1016,16-May-13,136,15.99,0
1017,16-May-13,136,14.94,0
1018,16-May-13,136,17.33,0
1019,16-May-13,136,13.71,0
1020,16-May-13,136,15.53,0
1021,16-May-13,136,14.01,0
1022,16-May-13,136,13,0
1023,16-May-13,136,18.91,0
1024,16-May-13,136,16.55,0
1025,16-May-13,136,13.7,0
1026,16-May-13,136,12.48,0
1027,16-May-13,136,15.56,0
1028,16-May-13,136,16.71,0
1029,16-May-13,136,12.87,0
1030,16-May-13,136,16.5,0
1031,16-May-13,136,18.49,0
1032,16-May-13,136,11.92,0
1033,16-May-13,136,24.62,0
1034,16-May-13,136,21.36,0
1035,16-May-13,136,15.63,0
1036,16-May-13,136,13.29,0
1037,16-May-13,136,14.04,0
1038,16-May-13,136,15.65,0
1039,16-May-13,136,14.67,0
1040,16-May-13,136,15.75,0
1041,16-May-13,136,15.3,0
1042,16-May-13,136,16.43,0
1043,16-May-13,136,21.01,0
1044,16-May-13,136,18.08,0
1045,16-May-13,136,19.15,0
1046,16-May-13,136,20.6,0
1047,16-May-13,136,18.31,0
1048,16-May-13,136,13.82,0
1049,16-May-13,136,16.09,0
1050,16-May-13,136,17.83,0
1051,16-May-13,136,15.6,0
1052,16-May-13,136,21.45,0
1053,16-May-13,136,20.52,0
1054,16-May-13,136,19.75,0
1055,16-May-13,136,15.95,0
1056,16-May-13,136,19.35,0
1057,16-May-13,136,16.14,0
1058,16-May-13,136,19.52,0
1059,16-May-13,136,22.86,0
1060,16-May-13,136,15.69,0
1061,16-May-13,136,15.55,0
1062,16-May-13,136,13.26,0
1063,16-May-13,136,27.68,0
1064,16-May-13,136,16.03,0
1065,16-May-13,136,16.41,0
1066,16-May-13,136,16.87,0
1067,16-May-13,136,15.98,0
1068,16-May-13,136,20.18,0
1069,16-May-13,136,14.07,0
1070,16-May-13,136,16.72,0
1071,16-May-13,136,17.21,0
1072,16-May-13,136,15.99,0
1073,16-May-13,136,19.59,0
1074,16-May-13,136,12.67,0
1075,16-May-13,136,16.03,0
1076,16-May-13,136,13.95,0
1077,16-May-13,136,22.13,0
1078,16-May-13,136,12.19,0
1079,16-May-13,136,25.85,0
1080,16-May-13,136,22.3,0
1081,16-May-13,136,23.59,0
1082,16-May-13,136,12.8,0
1083,16-May-13,136,18.6,0
1084,16-May-13,136,11.7,0
1085,16-May-13,136,12.75,0
1086,16-May-13,136,25.55,0
1087,16-May-13,136,14.01,0
1088,16-May-13,136,14.62,0
1089,16-May-13,136,19.9,0
1090,16-May-13,136,13.51,0
1091,16-May-13,136,21.45,0
1092,16-May-13,136,15.43,0
1093,16-May-13,136,14.4,0
1094,16-May-13,136,10.79,0
1095,16-May-13,136,8.93,0
1096,16-May-13,136,15.2,0
1097,16-May-13,136,16.13,0
1098,16-May-13,136,10.93,0
1099,16-May-13,136,16.81,0
1100,16-May-13,136,17.68,0
1101,16-May-13,136,27.01,0
1102,16-May-13,136,13.77,0
1103,16-May-13,136,17.71,0
1104,16-May-13,136,16.47,0
1105,16-May-13,136,16.23,0
1106,16-May-13,136,14.12,0
1107,16-May-13,136,12.29,0
1108,16-May-13,136,17.54,0
1109,16-May-13,136,15.77,0
1110,16-May-13,136,17.46,0
1111,16-May-13,136,13.63,0
1112,16-May-13,136,16,0
1113,16-May-13,136,15.8,0
1114,16-May-13,136,12.76,0
1115,16-May-13,136,15.51,0
1116,16-May-13,136,30.15,0
1117,16-May-13,136,13.09,0
1118,16-May-13,136,20.17,0
1119,16-May-13,136,15.5,0
1120,16-May-13,136,18.38,0
1121,16-May-13,136,19.94,0
1122,16-May-13,136,18.89,0
1123,16-May-13,136,16.89,0
1124,16-May-13,136,14.01,0
1125,16-May-13,136,16.4,0
1126,16-May-13,136,22.26,0
1127,16-May-13,136,12.74,0
1128,16-May-13,136,12.08,0
1129,16-May-13,136,22.32,0
1130,16-May-13,136,15.81,0
1131,16-May-13,136,19.92,0
1132,16-May-13,136,34.74,0
1133,16-May-13,136,15.88,0
1134,16-May-13,136,26.1,0
1135,16-May-13,136,24.33,0
1136,16-May-13,136,19.07,0
1137,16-May-13,136,17.05,0
1138,16-May-13,136,13.62,0
1139,16-May-13,136,12.42,0
1140,16-May-13,136,17.94,0
1141,16-May-13,136,24.57,0
1142,16-May-13,136,17.14,0
1143,16-May-13,136,20.11,0
1144,16-May-13,136,19.27,0
1145,16-May-13,136,14.74,0
1146,16-May-13,136,25.63,0
1147,16-May-13,136,17.34,0
1148,16-May-13,136,15.23,0
1149,16-May-13,136,17.66,0
1150,16-May-13,136,14.73,0
1151,17-May-13,137,19.59,0
1152,17-May-13,137,15.09,0
1153,17-May-13,137,15.49,0
1154,17-May-13,137,15.09,0
1155,17-May-13,137,13.44,0
1156,17-May-13,137,9.67,0
1157,17-May-13,137,17.37,0
1158,17-May-13,137,13.15,0
1159,17-May-13,137,15.25,0
1160,17-May-13,137,30.3,0
1161,17-May-13,137,23.62,0
1162,17-May-13,137,15.06,0
1163,17-May-13,137,16.05,0
1164,17-May-13,137,15.93,0
1165,17-May-13,137,18.85,0
1166,17-May-13,137,14.35,0
1167,17-May-13,137,22.63,0
1168,17-May-13,137,20.31,0
1169,17-May-13,137,21.89,0
1170,17-May-13,137,15.36,0
1171,17-May-13,137,21.39,0
1172,17-May-13,137,21.29,0
1173,17-May-13,137,13.1,0
1174,17-May-13,137,15.52,0
1175,17-May-13,137,12.35,0
1176,17-May-13,137,14.44,0
1177,17-May-13,137,17.99,0
1178,17-May-13,137,18.16,0
1179,17-May-13,137,15.08,0
1180,17-May-13,137,16.76,0
1181,17-May-13,137,17.32,0
1182,17-May-13,137,19.61,0
1183,17-May-13,137,18.47,0
1184,17-May-13,137,12.5,0
1185,17-May-13,137,18.9,0
1186,17-May-13,137,11.18,0
1187,17-May-13,137,15.75,0
1188,17-May-13,137,25.75,0
1189,17-May-13,137,15.24,0
1190,17-May-13,137,12.62,0
1191,17-May-13,137,12.53,0
1192,17-May-13,137,14.81,0
1193,17-May-13,137,14.45,0
1194,17-May-13,137,15.11,0
1195,17-May-13,137,16.66,0
1196,17-May-13,137,24.6,0
1197,17-May-13,137,10.99,0
1198,17-May-13,137,8.33,0
1199,17-May-13,137,20.78,0
1200,17-May-13,137,14.85,0
1201,17-May-13,137,13.69,0
1202,17-May-13,137,14.27,0
1203,17-May-13,137,17.53,0
1204,17-May-13,137,14.21,0
1205,17-May-13,137,18.31,0
1206,17-May-13,137,21.62,0
1207,17-May-13,137,19.14,0
1208,17-May-13,137,15.21,0
1209,17-May-13,137,15.46,0
1210,17-May-13,137,13.01,0
1211,17-May-13,137,16.08,0
1212,17-May-13,137,15.04,0
1213,17-May-13,137,22.96,0
1215,17-May-13,137,11.82,0
1216,17-May-13,137,23.9,0
1217,17-May-13,137,11.8,0
1218,17-May-13,137,20.3,0
1219,17-May-13,137,26.5,0
1220,17-May-13,137,20.63,0
1221,17-May-13,137,16.95,0
1222,17-May-13,137,16.07,0
1223,17-May-13,137,17.42,0
1224,17-May-13,137,14.9,0
1225,17-May-13,137,15.3,0
1226,17-May-13,137,11.45,0
1227,17-May-13,137,14.02,0
1228,17-May-13,137,15.18,0
1229,17-May-13,137,14.76,0
1230,17-May-13,137,12.93,0
1231,17-May-13,137,18.58,0
1232,17-May-13,137,20.38,0
1233,17-May-13,137,11.27,0
1234,17-May-13,137,12.97,0
1235,17-May-13,137,19.55,0
1236,17-May-13,137,19.08,0
1237,17-May-13,137,23.31,0
1238,17-May-13,137,20.05,0
1239,17-May-13,137,18.66,0
1240,17-May-13,137,16.12,0
1241,17-May-13,137,19.9,0
1242,17-May-13,137,16.34,0
1243,17-May-13,137,17.23,0
1244,17-May-13,137,24.46,0
1245,17-May-13,137,17.14,0
1246,17-May-13,137,17.26,0
1247,17-May-13,137,21.27,0
1248,17-May-13,137,12.47,0
1249,17-May-13,137,11.82,0
1250,17-May-13,137,15.88,0
1251,17-May-13,137,17.7,0
1252,17-May-13,137,19.57,0
1253,17-May-13,137,26.76,0
1254,17-May-13,137,21.19,0
1255,17-May-13,137,21.72,0
1257,17-May-13,137,20.82,0
1258,17-May-13,137,18.14,0
1259,17-May-13,137,17.91,0
1260,17-May-13,137,27.26,0
1261,17-May-13,137,25.2,0
1262,17-May-13,137,12.42,0
1263,17-May-13,137,18.47,0
1264,17-May-13,137,20.58,0
1265,17-May-13,137,18.27,0
1266,17-May-13,137,26.13,0
1267,17-May-13,137,17.31,0
1268,17-May-13,137,17.25,0
1269,17-May-13,137,18.64,0
1270,17-May-13,137,13.85,0
1271,17-May-13,137,17.46,0
1272,17-May-13,137,17.06,0
1273,17-May-13,137,15.66,0
1274,17-May-13,137,14.61,0
1275,17-May-13,137,12.42,0
1276,17-May-13,137,23.26,0
1277,17-May-13,137,16.99,0
1278,17-May-13,137,19.7,0
1279,17-May-13,137,14.66,0
1280,17-May-13,137,16.82,0
1281,17-May-13,137,18.95,0
1282,17-May-13,137,25.19,0
1283,17-May-13,137,18.73,0
1284,17-May-13,137,27.86,0
1285,17-May-13,137,14.47,0
1286,17-May-13,137,16.41,0
1287,17-May-13,137,18.97,0
1288,17-May-13,137,15.27,0
1289,17-May-13,137,19.46,0
1290,17-May-13,137,14.18,0
1291,17-May-13,137,15.94,0
1292,17-May-13,137,20.11,0
1293,17-May-13,137,19.23,0
1294,17-May-13,137,16.18,0
1295,17-May-13,137,12.49,0
1296,17-May-13,137,12.9,0
1297,17-May-13,137,16.98,0
1298,17-May-13,137,13.55,0
1299,17-May-13,137,15.3,0
1300,17-May-13,137,14.11,0
1301,17-May-13,137,17.25,0
1302,17-May-13,137,12.51,0
1303,17-May-13,137,16.86,0
1304,17-May-13,137,17.11,0
1305,17-May-13,137,12.51,0
1306,17-May-13,137,20.63,0
1307,17-May-13,137,24.13,0
1308,17-May-13,137,17.87,0
1309,17-May-13,137,14.17,0
1310,17-May-13,137,19.28,0
1311,17-May-13,137,11.58,0
1312,17-May-13,137,24.23,0
1313,17-May-13,137,14.28,0
1314,17-May-13,137,17.79,0
1315,17-May-13,137,15.46,0
1316,17-May-13,137,17.88,0
1317,17-May-13,137,15.95,0
1318,17-May-13,137,18.56,0
1319,17-May-13,137,15.19,0
1320,17-May-13,137,28.95,0
1321,17-May-13,137,16.13,0
1322,17-May-13,137,15.93,0
1323,17-May-13,137,11.54,0
1324,17-May-13,137,19.98,0
1325,17-May-13,137,16.99,0
1326,17-May-13,137,22.35,0
1327,17-May-13,137,20.75,0
1328,17-May-13,137,14.58,0
1329,17-May-13,137,8.82,0
1330,17-May-13,137,13.07,0
1331,17-May-13,137,24.35,0
1332,17-May-13,137,13.23,0
1333,17-May-13,137,16.64,0
1334,17-May-13,137,19.08,0
1335,17-May-13,137,13.63,0
1336,17-May-13,137,13.73,0
1337,17-May-13,137,20.98,0
1338,17-May-13,137,13.66,0
1339,17-May-13,137,13.44,0
1340,17-May-13,137,10.32,0
1341,17-May-13,137,14.19,0
1342,17-May-13,137,15.33,0
1343,17-May-13,137,17.16,0
1344,17-May-13,137,17.4,0
1345,17-May-13,137,13.61,0
1346,17-May-13,137,16.51,0
1347,17-May-13,137,22.94,0
1348,17-May-13,137,16.98,0
1349,17-May-13,137,13.43,0
1350,17-May-13,137,14.95,0
1351,17-May-13,137,15.56,0
1352,17-May-13,137,24.14,0
1353,17-May-13,137,28.01,0
1354,17-May-13,137,17.64,0
1355,17-May-13,137,11.72,0
1356,17-May-13,137,12.53,0
1357,17-May-13,137,15.31,0
1358,17-May-13,137,23.74,0
1359,17-May-13,137,11.03,0
1360,17-May-13,137,15.24,0
1361,17-May-13,137,10.99,0
1362,17-May-13,137,19.28,0
1363,17-May-13,137,21.61,0
1364,17-May-13,137,13.24,0
1365,17-May-13,137,15.54,0
1366,17-May-13,137,14.79,0
1367,17-May-13,137,9.36,0
1368,19-May-13,139,17.38,0
1369,19-May-13,139,18.06,0
1370,19-May-13,139,19.8,0
1371,19-May-13,139,12.92,0
1372,19-May-13,139,16.2,0
1373,19-May-13,139,15.6,0
1374,19-May-13,139,18.88,0
1375,19-May-13,139,15.08,0
1376,19-May-13,139,22.17,0
1377,19-May-13,139,18.2,0
1378,19-May-13,139,15.69,0
1379,19-May-13,139,13.57,0
1380,19-May-13,139,13.72,0
1381,19-May-13,139,16.29,0
1382,19-May-13,139,19.42,0
1383,19-May-13,139,16.66,0
1384,19-May-13,139,24.49,0
1385,19-May-13,139,15.48,0
1386,19-May-13,139,30.79,0
1387,19-May-13,139,16.49,0
1388,19-May-13,139,16.14,0
1389,19-May-13,139,14.19,0
1390,19-May-13,139,15.26,0
1391,19-May-13,139,15.44,0
1392,19-May-13,139,11.3,0
1393,19-May-13,139,22.37,0
1394,19-May-13,139,16.37,0
1395,19-May-13,139,22.33,0
1396,19-May-13,139,13.59,0
1397,19-May-13,139,18.09,0
1398,19-May-13,139,20.51,0
1399,19-May-13,139,15.2,0
1400,19-May-13,139,22.27,0
1401,19-May-13,139,21.44,0
1402,19-May-13,139,19.47,0
1403,19-May-13,139,21.11,0
1404,19-May-13,139,12.95,0
1405,19-May-13,139,16.68,0
1406,19-May-13,139,19.18,0
1407,19-May-13,139,16.41,0
1408,19-May-13,139,14.2,0
1409,19-May-13,139,21.41,0
1410,19-May-13,139,19.73,0
1411,19-May-13,139,13.13,0
1412,19-May-13,139,14.75,0
1414,19-May-13,139,14.2,0
1415,19-May-13,139,10.69,0
1416,19-May-13,139,24.28,0
1417,19-May-13,139,14.27,0
1418,19-May-13,139,14.31,0
1419,19-May-13,139,20.82,0
1420,19-May-13,139,11.74,0
1421,19-May-13,139,16.22,0
1422,19-May-13,139,15.82,0
1423,19-May-13,139,13.32,0
1424,19-May-13,139,20.55,0
1425,19-May-13,139,17.34,0
1426,19-May-13,139,18.69,0
1427,19-May-13,139,19.65,0
1428,19-May-13,139,13.58,0
1429,19-May-13,139,20.17,0
1430,19-May-13,139,16.44,0
1431,19-May-13,139,18.43,0
1432,19-May-13,139,12.13,0
1433,19-May-13,139,15.35,0
1434,19-May-13,139,12.14,0
1435,19-May-13,139,9.23,0
1436,19-May-13,139,15.96,0
1437,19-May-13,139,17.91,0
1439,19-May-13,139,13.27,0
1440,19-May-13,139,11.29,0
1441,19-May-13,139,22.16,0
1442,19-May-13,139,12.81,0
1443,19-May-13,139,12.35,0
1444,19-May-13,139,14.84,0
1445,19-May-13,139,20.42,0
1446,19-May-13,139,13.32,0
1447,19-May-13,139,16.74,0
1448,19-May-13,139,24,0
1449,19-May-13,139,16.93,0
1450,19-May-13,139,26.65,0
1451,19-May-13,139,23.38,0
1452,19-May-13,139,18.16,0
1453,19-May-13,139,19.7,0
1454,19-May-13,139,16.37,0
1455,19-May-13,139,23.88,0
1456,19-May-13,139,19.16,0
1457,19-May-13,139,18.19,0
1458,19-May-13,139,19.33,0
1459,19-May-13,139,17.14,0
1460,19-May-13,139,18.22,0
1461,19-May-13,139,17.78,0
1462,19-May-13,139,13.93,0
1463,19-May-13,139,16.53,0
1464,19-May-13,139,13.18,0
1465,19-May-13,139,17.01,0
1466,19-May-13,139,14.93,0
1467,19-May-13,139,17.42,0
1468,19-May-13,139,16.93,0
1469,19-May-13,139,14.28,0
1470,19-May-13,139,17.89,0
1471,19-May-13,139,17.53,0
1472,19-May-13,139,12.77,0
1473,19-May-13,139,12.53,0
1474,19-May-13,139,11.77,0
1475,19-May-13,139,16.02,0
1476,19-May-13,139,14.26,0
1477,19-May-13,139,13.76,0
1478,19-May-13,139,12.86,0
1479,19-May-13,139,13.31,0
1480,19-May-13,139,12.92,0
1481,19-May-13,139,13.92,0
1482,19-May-13,139,13.98,0
1483,19-May-13,139,13.94,0
1484,19-May-13,139,16.66,0
1485,19-May-13,139,19.28,0
1486,19-May-13,139,25.45,0
1487,19-May-13,139,14.8,0
1488,19-May-13,139,18.55,0
1489,19-May-13,139,18.12,0
1490,19-May-13,139,22.42,0
1491,19-May-13,139,18.95,0
1492,19-May-13,139,17.49,0
1494,19-May-13,139,16.99,0
1495,19-May-13,139,12.57,0
1496,19-May-13,139,17.09,0
1497,19-May-13,139,15.88,0
1498,19-May-13,139,17.2,0
1499,19-May-13,139,15.41,0
1500,19-May-13,139,12.43,0
1501,20-May-13,140,14.01,0
1502,20-May-13,140,13.4,0
1503,20-May-13,140,12.68,0
1504,20-May-13,140,14.75,0
1505,20-May-13,140,14.42,0
1506,20-May-13,140,15.32,0
1507,20-May-13,140,18.74,0
1508,20-May-13,140,11.16,0
1509,20-May-13,140,16.29,0
1510,20-May-13,140,16.79,0
1511,20-May-13,140,13.16,0
1512,20-May-13,140,17.11,0
1513,20-May-13,140,11.51,0
1514,20-May-13,140,20.28,0
1515,20-May-13,140,16.99,0
1516,20-May-13,140,20.07,0
1517,20-May-13,140,14.52,0
1518,20-May-13,140,15.11,0
1519,20-May-13,140,11.51,0
1520,20-May-13,140,17.57,0
1521,20-May-13,140,17.76,0
1522,20-May-13,140,16.21,0
1523,20-May-13,140,13.76,0
1524,20-May-13,140,15.41,0
1525,20-May-13,140,16.62,0
1526,20-May-13,140,14.96,0
1527,20-May-13,140,13.02,0
1528,20-May-13,140,13.93,0
1529,20-May-13,140,10.68,0
1530,20-May-13,140,17.94,0
1531,20-May-13,140,15.95,0
1532,20-May-13,140,16.78,0
1533,20-May-13,140,20.29,0
1534,20-May-13,140,11.18,0
1535,20-May-13,140,15.91,0
1536,20-May-13,140,22.43,0
1537,20-May-13,140,17.64,0
1538,20-May-13,140,16.59,0
1539,20-May-13,140,22.24,0
1540,20-May-13,140,20.72,0
1541,20-May-13,140,19.31,0
1542,20-May-13,140,16.55,0
1543,20-May-13,140,12.31,0
1544,20-May-13,140,14.46,0
1545,20-May-13,140,12.56,0
1546,20-May-13,140,12.88,0
1547,20-May-13,140,13.25,0
1548,20-May-13,140,19.25,0
1549,20-May-13,140,11.22,0
1550,20-May-13,140,16.44,0
1551,20-May-13,140,19.28,0
1552,20-May-13,140,15.68,0
1553,20-May-13,140,16.88,0
1554,20-May-13,140,17.2,0
1555,20-May-13,140,18.02,0
1556,20-May-13,140,20.33,0
1557,20-May-13,140,11.88,0
1558,20-May-13,140,17.72,0
1559,20-May-13,140,22.67,0
1560,20-May-13,140,11.42,0
1561,20-May-13,140,15.75,0
1562,20-May-13,140,20.32,0
1563,20-May-13,140,16.5,0
1564,20-May-13,140,17.23,0
1565,20-May-13,140,16.88,0
1566,20-May-13,140,11.57,0
1567,20-May-13,140,25.61,0
1568,20-May-13,140,12.85,0
1569,20-May-13,140,18.44,0
1570,20-May-13,140,28.02,0
1571,20-May-13,140,13.34,0
1572,20-May-13,140,13.55,0
1573,20-May-13,140,19.97,0
1574,20-May-13,140,16.4,0
1575,20-May-13,140,15.24,0
1576,20-May-13,140,13.58,0
1577,20-May-13,140,22.5,0
1578,20-May-13,140,12.99,0
1579,20-May-13,140,13.27,0
1580,20-May-13,140,14.46,0
1581,21-May-13,141,13.68,0
1582,21-May-13,141,15.99,0
1583,21-May-13,141,16.03,0
1584,21-May-13,141,13.3,0
1585,21-May-13,141,18.87,0
1586,21-May-13,141,10.55,0
1587,21-May-13,141,12.83,0
1588,21-May-13,141,14.35,0
1589,21-May-13,141,13.37,0
1590,21-May-13,141,29.47,0
1591,21-May-13,141,20.97,0
1592,21-May-13,141,20.03,0
1593,21-May-13,141,13.67,0
1594,21-May-13,141,14.23,0
1595,21-May-13,141,13.52,0
1596,21-May-13,141,15.67,0
1597,21-May-13,141,16.51,0
1598,21-May-13,141,15.85,0
1599,21-May-13,141,13.67,0
1600,21-May-13,141,13.47,0
1601,21-May-13,141,12.84,0
1602,21-May-13,141,20.52,0
1603,21-May-13,141,19.57,0
1604,21-May-13,141,13.1,0
1605,21-May-13,141,11.02,0
1606,21-May-13,141,12.57,0
1607,21-May-13,141,11.47,0
1608,21-May-13,141,13.15,0
1609,21-May-13,141,15.29,0
1610,21-May-13,141,15.37,0
1611,21-May-13,141,12.27,0
1612,21-May-13,141,15.2,0
1613,21-May-13,141,14.45,0
1614,21-May-13,141,13.19,0
1615,21-May-13,141,13.94,0
1616,21-May-13,141,14.05,0
1617,21-May-13,141,14.9,0
1618,22-May-13,142,12.63,0
1619,22-May-13,142,13.32,0
1620,22-May-13,142,13.61,0
1621,22-May-13,142,9.52,0
1622,22-May-13,142,15.42,0
1623,22-May-13,142,13.29,0
1624,22-May-13,142,17.67,0
1625,22-May-13,142,19.95,0
1626,22-May-13,142,13.92,0
1627,22-May-13,142,24.05,0
1628,22-May-13,142,12.95,0
1629,22-May-13,142,21.83,0
1630,22-May-13,142,23.5,0
1631,22-May-13,142,25.01,0
1632,22-May-13,142,16.63,0
1633,22-May-13,142,17.31,0
1634,22-May-13,142,23.19,0
1635,22-May-13,142,10.06,0
1636,22-May-13,142,12.59,0
1637,22-May-13,142,17.32,0
1638,22-May-13,142,14.9,0
1639,22-May-13,142,15.87,0
1640,22-May-13,142,18.91,0
1641,22-May-13,142,13.31,0
1642,22-May-13,142,14.64,0
1643,22-May-13,142,14.64,0
1644,22-May-13,142,14.81,0
1645,22-May-13,142,20.9,0
1646,22-May-13,142,12.48,0
1647,22-May-13,142,13.75,0
1648,22-May-13,142,19.66,0
1649,22-May-13,142,13.19,0
1650,22-May-13,142,19.55,0
1651,22-May-13,142,13.13,0
1652,23-May-13,143,11.58,0
1653,23-May-13,143,22.58,0
1654,23-May-13,143,17.84,0
1655,23-May-13,143,20.47,0
1656,23-May-13,143,18.68,0
1657,23-May-13,143,30.45,0
1658,23-May-13,143,13.4,0
1659,23-May-13,143,17,0
1660,23-May-13,143,10.95,0
1661,23-May-13,143,14.08,0
1662,23-May-13,143,15.76,0
1663,23-May-13,143,29.47,0
1664,23-May-13,143,15,0
1665,23-May-13,143,10.31,0
1666,23-May-13,143,17.33,0
1667,23-May-13,143,13.09,0
1668,23-May-13,143,18.03,0
1669,23-May-13,143,22.34,0
1670,23-May-13,143,12.38,0
1671,23-May-13,143,22.53,0
1672,23-May-13,143,25.88,0
1673,23-May-13,143,10.47,0
1674,23-May-13,143,19.44,0
1675,23-May-13,143,12.41,0
1676,24-May-13,144,14.29,0
1677,24-May-13,144,12.98,0
1678,24-May-13,144,13.77,0
1679,24-May-13,144,14.51,0
1680,24-May-13,144,17.3,0
1681,24-May-13,144,23.09,0
1682,24-May-13,144,12.81,0
1683,24-May-13,144,12.79,0
1684,24-May-13,144,17.38,0
1685,24-May-13,144,17.18,0
1686,24-May-13,144,11.62,0
1687,24-May-13,144,19.09,0
1688,24-May-13,144,13.62,0
1689,24-May-13,144,13.55,0
1690,24-May-13,144,15.46,0
1691,24-May-13,144,13.92,0
1692,24-May-13,144,22.6,0
1693,24-May-13,144,24.17,0
1694,24-May-13,144,20.38,0
1695,24-May-13,144,15.56,0
1696,24-May-13,144,13.8,0
1697,24-May-13,144,20.41,0
1698,24-May-13,144,15.3,0
1699,24-May-13,144,14.15,0
1700,24-May-13,144,16.79,0
1701,24-May-13,144,16.35,0
1702,24-May-13,144,15.22,0
1703,24-May-13,144,17.32,0
1704,27-May-13,147,17.54,0
1705,27-May-13,147,15.85,0
1706,27-May-13,147,11.89,0
1707,27-May-13,147,28.23,0
1708,27-May-13,147,14.8,0
1709,27-May-13,147,14.52,0
1710,27-May-13,147,16.59,0
1711,27-May-13,147,18.53,0
1712,27-May-13,147,15.66,0
1713,27-May-13,147,15.19,0
1714,27-May-13,147,18.56,0
1715,27-May-13,147,13.21,0
1716,27-May-13,147,19.86,0
1717,27-May-13,147,14.06,0
1718,27-May-13,147,17.13,0
1719,27-May-13,147,16.06,0
1720,27-May-13,147,15.07,0
1721,27-May-13,147,16.84,0
1722,27-May-13,147,20.15,0
1723,27-May-13,147,12.37,0
1724,27-May-13,147,17.85,0
1725,27-May-13,147,13.96,0
1726,27-May-13,147,19.52,0
1727,27-May-13,147,13.9,0
1728,27-May-13,147,17.36,0
1729,27-May-13,147,10.99,0
1730,27-May-13,147,12.64,0
1731,27-May-13,147,20.6,0
1732,27-May-13,147,16.2,0
1733,27-May-13,147,14.45,0
1734,27-May-13,147,22.13,0
1735,27-May-13,147,18.65,0
1736,27-May-13,147,17.29,0
1737,27-May-13,147,13.96,0
1738,27-May-13,147,17.83,0
1739,27-May-13,147,15.81,0
1740,27-May-13,147,22.4,0
1741,27-May-13,147,19.36,0
1742,27-May-13,147,14.78,0
1743,27-May-13,147,15.02,0
1744,27-May-13,147,13.04,0
1745,27-May-13,147,15.08,0
1746,27-May-13,147,12.07,0
1747,27-May-13,147,20.65,0
1748,27-May-13,147,21.01,0
1749,27-May-13,147,26.81,0
1750,27-May-13,147,18.98,0
1751,27-May-13,147,19.41,0
1752,27-May-13,147,16.58,0
1753,27-May-13,147,13.4,0
1754,27-May-13,147,16.1,0
1755,27-May-13,147,19.58,0
1756,27-May-13,147,18.36,0
1757,27-May-13,147,12.98,0
1758,27-May-13,147,16.16,0
1759,27-May-13,147,16.19,0
1760,27-May-13,147,16.2,0
1761,27-May-13,147,13.62,0
1762,27-May-13,147,14.81,0
1763,28-May-13,148,16.96,0
1764,28-May-13,148,13.2,0
1765,28-May-13,148,12.16,0
1766,28-May-13,148,12.31,0
1767,28-May-13,148,26.35,0
1768,28-May-13,148,17.64,0
1769,28-May-13,148,22.91,0
1770,28-May-13,148,14.87,0
1771,28-May-13,148,20.16,0
1772,28-May-13,148,16.08,0
1773,28-May-13,148,21.16,0
1774,28-May-13,148,16.36,0
1775,28-May-13,148,14.7,0
1776,28-May-13,148,18.98,0
1777,28-May-13,148,20.13,0
1778,28-May-13,148,16.2,0
1779,28-May-13,148,18.84,0
1780,28-May-13,148,18.19,0
1781,29-May-13,149,19.82,0
1782,29-May-13,149,13.61,0
1783,29-May-13,149,13.48,0
1784,29-May-13,149,13.44,0
1785,29-May-13,149,12.49,0
1786,29-May-13,149,18.71,0
1787,29-May-13,149,12.56,0
1788,29-May-13,149,11.7,0
1789,29-May-13,149,14.34,0
1790,29-May-13,149,17.53,0
1791,29-May-13,149,13.54,0
1792,29-May-13,149,14.2,0
1793,29-May-13,149,13.6,0
1794,29-May-13,149,18.28,0
1795,29-May-13,149,15.69,0
1796,30-May-13,150,21.23,0
1797,30-May-13,150,13.84,0
1798,30-May-13,150,27.32,0
1799,30-May-13,150,12.6,0
1800,30-May-13,150,19.25,0
1801,30-May-13,150,15.58,0
1802,30-May-13,150,11.54,0
1803,30-May-13,150,16.72,0
1804,30-May-13,150,11.35,0
1805,30-May-13,150,15.24,0
1806,30-May-13,150,18.94,0
16,1-May-13,121,15.11,1
51,4-May-13,124,13.2,1
75,5-May-13,125,13.16,1
109,7-May-13,127,15.45,1
148,7-May-13,127,15.14,1
280,10-May-13,130,17.72,1
293,10-May-13,130,22.56,1
413,11-May-13,131,21.09,1
414,11-May-13,131,21.02,1
504,12-May-13,132,14.57,1
509,12-May-13,132,19.69,1
517,12-May-13,132,19.96,1
528,12-May-13,132,18.91,1
535,13-May-13,133,17.14,1
671,14-May-13,134,18.79,1
747,14-May-13,134,18.19,1
895,15-May-13,135,13.33,1
923,15-May-13,135,15.91,1
1214,17-May-13,137,15.48,1
1256,17-May-13,137,14.74,1
1413,19-May-13,139,27.66,1
1438,19-May-13,139,14.18,1
1493,19-May-13,139,16.23,1